{
  "project_info": {
    "project_number": "455758928490",
    "firebase_url": "https://foodlist-39bfd.firebaseio.com",
    "project_id": "foodlist-39bfd",
    "storage_bucket": "foodlist-39bfd.appspot.com"
  },
  "client": [
    {
      "client_info": {
        "mobilesdk_app_id": "1:455758928490:android:c9096898277cc932",
        "android_client_info": {
          "package_name": "it.servalcode.android.foodlist"
        }
      },
      "oauth_client": [
        {
          "client_id": "455758928490-itphqj2b3270ksmm1lfjvd4fhr85bjei.apps.googleusercontent.com",
          "client_type": 1,
          "android_info": {
            "package_name": "it.servalcode.android.foodlist",
            "certificate_hash": "6296a8e104bc949478db28cbfa089ea23348dc52"
          }
        }
      ],
      "api_key": [
        {
          "current_key": "AIzaSyCbdVcM2VfPMqjA4BtsP2LgL-asrqpldiw"
        }
      ],
      "services": {
        "appinvite_service": {
          "other_platform_oauth_client": [
            {
              "client_id": "455758928490-s3efqhv7j3e7rji33p3c2d00h5rnf310.apps.googleusercontent.com",
              "client_type": 3
            },
            {
              "client_id": "455758928490-jom19s31ies5bm4oa86vn8cm5ftrmfru.apps.googleusercontent.com",
              "client_type": 2,
              "ios_info": {
                "bundle_id": "it.servalcode.ios.foodlist"
              }
            }
          ]
        }
      }
    }
  ],
  "configuration_version": "1"
}